Name,Team,Games Played,Passing Yards,Passing TDs,Interceptions,Rating,4QC,GWD,Year,Rushing Yards,Rushing TDs,Total Yards,Total TDs,Passing TD to INT Ratio,Standardized Team,Playoff Status
Peyton Manning,DEN,16,5477,55,10,79.0,2,2,2013,-31.0,1.0,5446.0,56.0,5.5,Denver Broncos,Playoff
Drew Brees,NOR,16,5162,39,12,69.1,2,2,2013,52.0,3.0,5214.0,42.0,3.25,New Orleans Saints,Playoff
Matthew Stafford,DET,16,4650,29,19,53.5,2,3,2013,69.0,2.0,4719.0,31.0,1.53,Detroit Lions,Eliminated
Matt Ryan,ATL,16,4515,26,17,67.5,1,1,2013,55.0,0.0,4570.0,26.0,1.53,Atlanta Falcons,Eliminated
Philip Rivers,SDG,16,4478,32,11,75.1,4,4,2013,72.0,0.0,4550.0,32.0,2.91,Los Angeles Chargers,Playoff
Tom Brady,NWE,16,4343,25,11,63.1,5,5,2013,18.0,0.0,4361.0,25.0,2.27,New England Patriots,Playoff
Andy Dalton,CIN,16,4293,33,20,54.8,1,3,2013,183.0,2.0,4476.0,35.0,1.65,Cincinnati Bengals,Playoff
Carson Palmer,ARI,16,4274,24,22,54.0,3,4,2013,3.0,0.0,4277.0,24.0,1.09,Arizona Cardinals,Eliminated
Ben Roethlisberger,PIT,16,4261,28,14,58.0,1,3,2013,99.0,1.0,4360.0,29.0,2.0,Pittsburgh Steelers,Eliminated
Ryan Tannehill,MIA,16,3913,24,17,48.4,4,3,2013,238.0,1.0,4151.0,25.0,1.41,Miami Dolphins,Eliminated
Joe Flacco,BAL,16,3912,19,22,48.0,2,4,2013,131.0,1.0,4043.0,20.0,0.86,Baltimore Ravens,Eliminated
Tony Romo,DAL,15,3828,31,10,61.9,2,4,2013,38.0,0.0,3866.0,31.0,3.1,Dallas Cowboys,Eliminated
Andrew Luck,IND,16,3822,23,9,63.8,3,3,2013,377.0,4.0,4199.0,27.0,2.56,Indianapolis Colts,Playoff
Eli Manning,NYG,16,3818,18,27,38.6,1,2,2013,36.0,0.0,3854.0,18.0,0.67,New York Giants,Eliminated
Cam Newton,CAR,16,3379,24,13,64.3,4,4,2013,585.0,6.0,3964.0,30.0,1.85,Carolina Panthers,Playoff
Russell Wilson,SEA,16,3357,26,9,67.2,3,4,2013,539.0,1.0,3896.0,27.0,2.89,Seattle Seahawks,Playoff
Alex Smith,KAN,15,3313,23,7,45.0,1,1,2013,431.0,1.0,3744.0,24.0,3.29,Kansas City Chiefs,Playoff
Chad Henne,JAX,15,3241,13,14,34.9,1,1,2013,77.0,0.0,3318.0,13.0,0.93,Jacksonville Jaguars,Eliminated
Robert Griffin III,WAS,13,3203,16,12,50.4,1,2,2013,489.0,0.0,3692.0,16.0,1.33,Washington Commanders,Eliminated
Colin Kaepernick,SFO,16,3197,21,8,67.3,2,3,2013,524.0,4.0,3721.0,25.0,2.62,San Francisco 49ers,Playoff
Geno Smith,NYJ,16,3046,12,21,41.0,2,5,2013,366.0,6.0,3412.0,18.0,0.57,New York Jets,Eliminated
Nick Foles,PHI,13,2891,27,2,69.5,1,1,2013,221.0,3.0,3112.0,30.0,13.5,Philadelphia Eagles,Playoff
Jay Cutler,CHI,11,2621,19,12,70.1,3,3,2013,118.0,0.0,2739.0,19.0,1.58,Chicago Bears,Eliminated
Mike Glennon,TAM,13,2608,19,9,55.2,2,2,2013,37.0,0.0,2645.0,19.0,2.11,Tampa Bay Buccaneers,Eliminated
Ryan Fitzpatrick,TEN,11,2454,14,12,58.7,2,2,2013,225.0,3.0,2679.0,17.0,1.17,Tennessee Titans,Eliminated
Matt Schaub,HOU,10,2310,10,14,38.3,2,2,2013,24.0,0.0,2334.0,10.0,0.71,Houston Texans,Eliminated
EJ Manuel,BUF,10,1972,11,9,38.2,1,2,2013,186.0,2.0,2158.0,13.0,1.22,Buffalo Bills,Eliminated
Terrelle Pryor,OAK,11,1798,7,11,40.5,0,0,2013,576.0,2.0,2374.0,9.0,0.64,Las Vegas Raiders,Eliminated
Kellen Clemens,STL,10,1673,8,7,43.4,0,0,2013,64.0,0.0,1737.0,8.0,1.14,Los Angeles Rams,Eliminated
Tom Brady,TAM,17,5316,43,12,73.1,3,5,2021,81.0,2.0,5397.0,45.0,3.58,Tampa Bay Buccaneers,Playoff
Justin Herbert,LAC,17,5014,38,15,70.9,5,5,2021,302.0,3.0,5316.0,41.0,2.53,Los Angeles Chargers,Eliminated
Matthew Stafford,LAR,17,4886,41,17,69.2,3,4,2021,43.0,0.0,4929.0,41.0,2.41,Los Angeles Rams,Playoff
Patrick Mahomes,KAN,17,4839,37,13,67.7,3,3,2021,381.0,2.0,5220.0,39.0,2.85,Kansas City Chiefs,Playoff
Derek Carr,LVR,17,4804,23,14,58.4,3,6,2021,108.0,0.0,4912.0,23.0,1.64,Las Vegas Raiders,Playoff
Joe Burrow,CIN,16,4611,34,14,60.2,2,3,2021,118.0,2.0,4729.0,36.0,2.43,Cincinnati Bengals,Playoff
Dak Prescott,DAL,16,4449,37,10,60.5,1,2,2021,146.0,1.0,4595.0,38.0,3.7,Dallas Cowboys,Playoff
Josh Allen,BUF,17,4407,36,15,66.3,0,0,2021,763.0,6.0,5170.0,42.0,2.4,Buffalo Bills,Playoff
Kirk Cousins,MIN,16,4221,33,7,58.3,3,4,2021,115.0,1.0,4336.0,34.0,4.71,Minnesota Vikings,Eliminated
Aaron Rodgers,GNB,16,4115,37,4,74.1,1,2,2021,101.0,3.0,4216.0,40.0,9.25,Green Bay Packers,Playoff
Matt Ryan,ATL,17,3968,20,12,52.2,3,4,2021,82.0,1.0,4050.0,21.0,1.67,Atlanta Falcons,Eliminated
Jimmy Garoppolo,SFO,15,3810,20,12,59.2,3,3,2021,51.0,3.0,3861.0,23.0,1.67,San Francisco 49ers,Playoff
Mac Jones,NWE,17,3801,22,13,56.9,1,1,2021,129.0,0.0,3930.0,22.0,1.69,New England Patriots,Playoff
Kyler Murray,ARI,14,3787,24,10,63.2,1,1,2021,423.0,5.0,4210.0,29.0,2.4,Arizona Cardinals,Playoff
Ben Roethlisberger,PIT,16,3740,22,10,41.3,6,7,2021,5.0,1.0,3745.0,23.0,2.2,Pittsburgh Steelers,Playoff
Ryan Tannehill,TEN,17,3734,21,14,61.8,3,4,2021,270.0,7.0,4004.0,28.0,1.5,Tennessee Titans,Playoff
Trevor Lawrence,JAX,17,3641,12,17,39.1,1,2,2021,334.0,2.0,3975.0,14.0,0.71,Jacksonville Jaguars,Eliminated
Carson Wentz,IND,17,3563,27,7,60.6,0,0,2021,215.0,1.0,3778.0,28.0,3.86,Indianapolis Colts,Eliminated
Taylor Heinicke,WAS,16,3419,20,15,45.8,3,4,2021,313.0,1.0,3732.0,21.0,1.33,Washington Commanders,Eliminated
Jared Goff,DET,14,3245,19,8,45.5,2,2,2021,87.0,0.0,3332.0,19.0,2.38,Detroit Lions,Eliminated
Jalen Hurts,PHI,15,3144,16,9,54.6,2,2,2021,784.0,10.0,3928.0,26.0,1.78,Philadelphia Eagles,Playoff
Russell Wilson,SEA,14,3113,25,6,60.6,0,1,2021,183.0,2.0,3296.0,27.0,4.17,Seattle Seahawks,Eliminated
Teddy Bridgewater,DEN,14,3052,18,7,53.4,0,1,2021,106.0,2.0,3158.0,20.0,2.57,Denver Broncos,Eliminated
Baker Mayfield,CLE,14,3010,17,13,40.9,0,0,2021,134.0,1.0,3144.0,18.0,1.31,Cleveland Browns,Eliminated
Lamar Jackson,BAL,12,2882,16,13,56.8,4,4,2021,767.0,2.0,3649.0,18.0,1.23,Baltimore Ravens,Eliminated
Davis Mills,HOU,13,2664,16,10,41.2,0,0,2021,44.0,0.0,2708.0,16.0,1.6,Houston Texans,Eliminated
Tua Tagovailoa,MIA,13,2653,16,10,55.7,0,2,2021,128.0,3.0,2781.0,19.0,1.6,Miami Dolphins,Eliminated
Sam Darnold,CAR,12,2527,9,13,38.8,0,0,2021,222.0,5.0,2749.0,14.0,0.69,Carolina Panthers,Eliminated
Daniel Jones,NYG,11,2428,10,7,47.5,1,1,2021,298.0,2.0,2726.0,12.0,1.43,New York Giants,Eliminated
Zach Wilson,NYJ,13,2334,9,11,33.4,1,1,2021,185.0,4.0,2519.0,13.0,0.82,New York Jets,Eliminated
Justin Fields,CHI,12,1870,7,10,31.4,0,0,2021,420.0,2.0,2290.0,9.0,0.7,Chicago Bears,Eliminated
Jacoby Brissett,MIA,11,1283,5,4,54.3,0,0,2021,70.0,1.0,1353.0,6.0,1.25,Miami Dolphins,Eliminated
Marcus Mariota,LVR,10,4,0,0,46.2,0,0,2021,0.0,0.0,4.0,0.0,0.0,Las Vegas Raiders,Playoff
Patrick Mahomes,KAN,17,5250,41,12,79.0,4,4,2022,358.0,4.0,5608.0,45.0,3.42,Kansas City Chiefs,Playoff
Justin Herbert,LAC,17,4739,25,10,60.2,4,5,2022,147.0,0.0,4886.0,25.0,2.5,Los Angeles Chargers,Playoff
Tom Brady,TAM,17,4694,25,9,54.6,4,5,2022,-1.0,1.0,4693.0,26.0,2.78,Tampa Bay Buccaneers,Playoff
Kirk Cousins,MIN,17,4547,29,14,52.3,8,8,2022,97.0,2.0,4644.0,31.0,2.07,Minnesota Vikings,Playoff
Joe Burrow,CIN,16,4475,35,12,60.8,3,4,2022,257.0,5.0,4732.0,40.0,2.92,Cincinnati Bengals,Playoff
Jared Goff,DET,17,4438,29,7,63.3,3,3,2022,73.0,0.0,4511.0,29.0,4.14,Detroit Lions,Eliminated
Josh Allen,BUF,16,4283,35,14,73.4,3,4,2022,762.0,7.0,5045.0,42.0,2.5,Buffalo Bills,Playoff
Geno Smith,SEA,17,4282,30,11,62.8,2,3,2022,366.0,1.0,4648.0,31.0,2.73,Seattle Seahawks,Playoff
Trevor Lawrence,JAX,17,4113,25,8,56.1,3,2,2022,291.0,5.0,4404.0,30.0,3.12,Jacksonville Jaguars,Playoff
Jalen Hurts,PHI,15,3701,22,6,68.3,1,2,2022,760.0,13.0,4461.0,35.0,3.67,Philadelphia Eagles,Playoff
Aaron Rodgers,GNB,17,3695,26,12,41.3,3,4,2022,94.0,1.0,3789.0,27.0,2.17,Green Bay Packers,Eliminated
Tua Tagovailoa,MIA,13,3548,25,8,70.6,2,2,2022,70.0,0.0,3618.0,25.0,3.12,Miami Dolphins,Playoff
Russell Wilson,DEN,15,3524,16,11,38.7,3,3,2022,277.0,3.0,3801.0,19.0,1.45,Denver Broncos,Eliminated
Derek Carr,LVR,15,3522,24,14,57.6,4,3,2022,102.0,0.0,3624.0,24.0,1.71,Las Vegas Raiders,Eliminated
Daniel Jones,NYG,16,3205,15,5,62.9,4,5,2022,708.0,7.0,3913.0,22.0,3.0,New York Giants,Playoff
Davis Mills,HOU,15,3118,17,15,35.0,2,3,2022,108.0,2.0,3226.0,19.0,1.13,Houston Texans,Eliminated
Matt Ryan,IND,12,3057,14,13,44.9,5,4,2022,70.0,1.0,3127.0,15.0,1.08,Indianapolis Colts,Eliminated
Mac Jones,NWE,14,2997,14,11,38.4,0,0,2022,102.0,1.0,3099.0,15.0,1.27,New England Patriots,Eliminated
Andy Dalton,NOR,14,2871,18,9,53.1,1,1,2022,54.0,0.0,2925.0,18.0,2.0,New Orleans Saints,Eliminated
Dak Prescott,DAL,12,2860,23,15,59.9,2,2,2022,182.0,1.0,3042.0,24.0,1.53,Dallas Cowboys,Playoff
Jacoby Brissett,CLE,16,2608,12,6,62.0,2,2,2022,243.0,2.0,2851.0,14.0,2.0,Cleveland Browns,Eliminated
Ryan Tannehill,TEN,12,2536,13,6,51.2,0,0,2022,98.0,2.0,2634.0,15.0,2.17,Tennessee Titans,Eliminated
Jimmy Garoppolo,SFO,11,2437,16,4,56.3,1,1,2022,33.0,2.0,2470.0,18.0,4.0,San Francisco 49ers,Playoff
Kenny Pickett,PIT,13,2404,7,9,53.6,3,4,2022,237.0,3.0,2641.0,10.0,0.78,Pittsburgh Steelers,Eliminated
Kyler Murray,ARI,11,2368,14,7,53.6,1,1,2022,418.0,3.0,2786.0,17.0,2.0,Arizona Cardinals,Eliminated
Justin Fields,CHI,15,2242,17,11,56.3,1,2,2022,1143.0,8.0,3385.0,25.0,1.55,Chicago Bears,Eliminated
Lamar Jackson,BAL,12,2242,17,7,61.1,1,2,2022,764.0,3.0,3006.0,20.0,2.43,Baltimore Ravens,Playoff
Marcus Mariota,ATL,13,2219,15,9,57.7,2,3,2022,438.0,4.0,2657.0,19.0,1.67,Atlanta Falcons,Eliminated
