Name,Team,Games Played,Passing Yards,Passing TDs,Interceptions,Rating,4QC,GWD,Year
Patrick Mahomes,KAN,17,5250,41,12,79.0,4,4,2022
Justin Herbert,LAC,17,4739,25,10,60.2,4,5,2022
Tom Brady,TAM,17,4694,25,9,54.6,4,5,2022
Kirk Cousins,MIN,17,4547,29,14,52.3,8,8,2022
Joe Burrow,CIN,16,4475,35,12,60.8,3,4,2022
Jared Goff,DET,17,4438,29,7,63.3,3,3,2022
Josh Allen,BUF,16,4283,35,14,73.4,3,4,2022
Geno Smith,SEA,17,4282,30,11,62.8,2,3,2022
Trevor Lawrence,JAX,17,4113,25,8,56.1,3,2,2022
Jalen Hurts,PHI,15,3701,22,6,68.3,1,2,2022
Aaron Rodgers,GNB,17,3695,26,12,41.3,3,4,2022
Tua Tagovailoa,MIA,13,3548,25,8,70.6,2,2,2022
Russell Wilson,DEN,15,3524,16,11,38.7,3,3,2022
Derek Carr,LVR,15,3522,24,14,57.6,4,3,2022
Daniel Jones,NYG,16,3205,15,5,62.9,4,5,2022
Davis Mills,HOU,15,3118,17,15,35.0,2,3,2022
Matt Ryan,IND,12,3057,14,13,44.9,5,4,2022
Mac Jones,NWE,14,2997,14,11,38.4,0,0,2022
Andy Dalton,NOR,14,2871,18,9,53.1,1,1,2022
Dak Prescott,DAL,12,2860,23,15,59.9,2,2,2022
Jacoby Brissett,CLE,16,2608,12,6,62.0,2,2,2022
Ryan Tannehill,TEN,12,2536,13,6,51.2,0,0,2022
Jimmy Garoppolo,SFO,11,2437,16,4,56.3,1,1,2022
Kenny Pickett,PIT,13,2404,7,9,53.6,3,4,2022
Kyler Murray,ARI,11,2368,14,7,53.6,1,1,2022
Justin Fields,CHI,15,2242,17,11,56.3,1,2,2022
Lamar Jackson,BAL,12,2242,17,7,61.1,1,2,2022
Marcus Mariota,ATL,13,2219,15,9,57.7,2,3,2022
