Name,Rushing Yards,Rushing TDs,Year
Cam Newton,585,6,2013
Russell Wilson,539,1,2013
Colin Kaepernick,524,4,2013
Robert Griffin III,489,0,2013
Terrelle Pryor,576,2,2013
Alex Smith,431,1,2013
Geno Smith,366,6,2013
Andrew Luck,377,4,2013
Andy Dalton,183,2,2013
Nick Foles,221,3,2013
EJ Manuel,186,2,2013
Ryan Fitzpatrick,225,3,2013
Ryan Tannehill,238,1,2013
Matthew Stafford,69,2,2013
Drew Brees,52,3,2013
Tom Brady,18,0,2013
Peyton Manning,-31,1,2013
Philip Rivers,72,0,2013
Joe Flacco,131,1,2013
Mike Glennon,37,0,2013
Chad Henne,77,0,2013
Carson Palmer,3,0,2013
Ben Roethlisberger,99,1,2013
Kellen Clemens,64,0,2013
Jay Cutler,118,0,2013
Tony Romo,38,0,2013
Eli Manning,36,0,2013
Matt Ryan,55,0,2013
Matt Schaub,24,0,2013
